productNameAmazon,itemURLAmazon,productTypeAmazon,productCategoryAmazon,availabilityAmazon,categoryRankAmazon,priceAmazon,titleEbay,itemURLEbay,locationEbay,shippingCostEbay,conditionEbay,categoryEbay,priceEbay,currencyEbay
Yealink SIP-T46G Ultra-Elegant Gigabit IP Phone,https://www.amazon.com/Yealink-SIP-T46G-Ultra-Elegant-Gigabit-Phone/dp/B00D0SXK1K,VoIP,Office Products,In Stock.,[],152.63,Gigabit VoIP IP Phone Yealink SIP-T46G,https://www.ebay.com/itm/Gigabit-VoIP-IP-Phone-Yealink-SIP-T46G-/362798822925,"Savannah,GA,USA",,New,VoIP Business Phones/IP PBX,39.99,
Cisco 8811 8841 8851 8861 8865 8941 8945 8961 Phone Headset - Call Center Noise Cancelling Mic Economic Monaural Headset + Headset Adapter,https://www.amazon.com/Cisco-8811-8841-Phone-Headset/dp/B019EXZEXG,Headsets,Electronics,$50.00,[],50.0,"NEW Cisco VoIP Phone CP-8811, 8841, 8845, 8851, 8861, & 8865 Back Stand",https://www.ebay.com/itm/NEW-Cisco-VoIP-Phone-CP-8811-8841-8845-8851-8861-8865-Back-Stand-/183856826141,"Elk Grove,CA,USA",,New,VoIP Business Phones/IP PBX,17.5,
Polycom VVX 411 12-Line IP Phone Gigabit PoE (Power Supply Not Included),https://www.amazon.com/VVX-411-12-Line-Phone-Gigabit/dp/B01C6WRXUO,VoIP,Office Products,In Stock.,[],114.99,NEW Polycom VVX 411 IP Phone Gigabit PoE VOIP 2200-48450-025,https://www.ebay.com/itm/NEW-Polycom-VVX-411-IP-Phone-Gigabit-PoE-VOIP-2200-48450-025-/182295782424,"Fairfield,NJ,USA",,New,VoIP Business Phones/IP PBX,116.95,
"Yealink SIP-T46S IP Phone, 16 Lines. 4.3-Inch Color Display. Dual-Port Gigabit Ethernet, 802.3af PoE, Power Adapter Not Included",https://www.amazon.com/Yealink-SIP-T46S-Phone-Supply-Included/dp/B01MYPIQMC,VoIP,Office Products,$150.25,[],150.25,Yealink SIP-T46S Gigabit VoIP IP Phone PoE (Power Supply not Included) - NEW,https://www.ebay.com/itm/Yealink-SIP-T46S-Gigabit-VoIP-IP-Phone-PoE-Power-Supply-not-Included-NEW-/280928501430,"Troy,MI,USA",,New,VoIP Business Phones/IP PBX,149.99,
Polycom VVX 401 2200-48400-025 12-line Business Media Phone - AC Adapter Not Included,https://www.amazon.com/Polycom-2200-48400-025-12-line-Business-Media/dp/B01EECUG4Y,VoIP,Office Products,In Stock.,[],105.0,NEW Polycom VVX 401 VoIP IP SIP Business Media Phone 2200-48400-025,https://www.ebay.com/itm/NEW-Polycom-VVX-401-VoIP-IP-SIP-Business-Media-Phone-2200-48400-025-/202568008694,"Fairfield,NJ,USA",,New,VoIP Business Phones/IP PBX,103.99,
Cisco CP-8811-K9 IP Phone Without Power Supply,https://www.amazon.com/Cisco-CP-8811-K9-Phone-Without-Supply/dp/B00NRFXM00,VoIP,Office Products,In Stock.,[],108.44,CP-8811-K9 Cisco VoIP Phone - Brand New,https://www.ebay.com/itm/CP-8811-K9-Cisco-VoIP-Phone-Brand-New-/382781713661,"Carrollton,TX,USA",,New,VoIP Business Phones/IP PBX,115.0,
"Cisco Unified IP Phone, Charcoal (CP-8961-C-K9=)",https://www.amazon.com/Cisco-Unified-Phone-Charcoal-CP-8961-C-K9/dp/B0035G87MY,VoIP,Office Products,$95.00,[],95.0,Cisco CP-8961-C-K9 VOIP Phone with PoE,https://www.ebay.com/itm/Cisco-CP-8961-C-K9-VOIP-Phone-PoE-/153687020347,"Wendell,NC,USA",,New,VoIP Business Phones/IP PBX,34.99,
Mitel 5304 IP Basic Backlit Display Phone (51011571) (Renewed),https://www.amazon.com/Mitel-Backlit-51011571-REFURBISHED-WARRANTY/dp/B01LZNGZFM,VoIP,Office Products,$93.70,"#1,051 in VoIP Phones",93.7,Mitel MiVoice 5304 IP VoIP Phone NEW 12 Available 2-Line Dual-Port Low Energy,https://www.ebay.com/itm/Mitel-MiVoice-5304-IP-VoIP-Phone-NEW-12-Available-2-Line-Dual-Port-Low-Energy-/184011451968,"Lexington,NC,USA",,New,VoIP Business Phones/IP PBX,59.99,
Polycom VVX 401 2200-48400-025 12-line Business Media Phone - AC Adapter Not Included,https://www.amazon.com/Polycom-2200-48400-025-12-line-Business-Media/dp/B01EECUG4Y,VoIP,Office Products,In Stock.,[],105.0,NEW Polycom VVX 401 VoIP IP SIP Business Media Phone 2200-48400-025,https://www.ebay.com/itm/NEW-Polycom-VVX-401-VoIP-IP-SIP-Business-Media-Phone-2200-48400-025-/113948620843,"Ashland City,TN,USA",,New,VoIP Business Phones/IP PBX,97.5,
"Cisco SPA504G 4-Line IP Phone with 2-Port Switch, PoE and LCD Display, Silver, Grey (Power Supply not Included)",https://www.amazon.com/Cisco-SPA504G-4-Line-Display-Included/dp/B002HXW984,VoIP,Office Products,In Stock.,#14 in VoIP Phones,68.99,Cisco SPA504G 4-Line VoIP IP Phone PoE (Power Supply not Included) - NEW,https://www.ebay.com/itm/Cisco-SPA504G-4-Line-VoIP-IP-Phone-PoE-Power-Supply-not-Included-NEW-/231448007269,"Troy,MI,USA",,New,VoIP Business Phones/IP PBX,67.99,
"SPA508G - CISCO SPA508G SPA508G CISCO VOIP PHONE, 8 LINES",https://www.amazon.com/SPA508G-CISCO-VOIP-PHONE-LINES/dp/B016YJVNSI,VoIP,Office Products,$128.95,[],128.95,NEW Cisco IP Phone SPA508G 8 Line VoIP Phone 2-Port Switch PoE LCD Display,https://www.ebay.com/itm/NEW-Cisco-IP-Phone-SPA508G-8-Line-VoIP-Phone-2-Port-Switch-PoE-LCD-Display-/183558459174,"Fairfield,NJ,USA",,New,VoIP Business Phones/IP PBX,73.95,
Polycom PSA15A-480P 48V 0.31A Power Supply 1465-43637-001,https://www.amazon.com/Polycom-PSA15A-480P-0-31A-Supply-1465-43637-001/dp/B076C1LCKT,VoIP,Office Products,In Stock.,[],14.45,NEW LOT of 8x Polycom VOIP Phone 48V AC Power Adapter Supply Cord PSA15A-480P,https://www.ebay.com/itm/NEW-LOT-8x-Polycom-VOIP-Phone-48V-AC-Power-Adapter-Supply-Cord-PSA15A-480P-/323942218033,"San Rafael,CA,USA",,New,VoIP Business Phones/IP PBX,59.95,
Grandstream GS-GXP2170 VoIP Phone & Device,https://www.amazon.com/Grandstream-GS-GXP2170-VoIP-Phone-Device/dp/B019X06IFS,VoIP,Office Products,$95.00,[],95.0,GRANDSTREAM GXP2170: 12 Line HD IP Phone - VoIP - FREE SHIPPING - New,https://www.ebay.com/itm/GRANDSTREAM-GXP2170-12-Line-HD-IP-Phone-VoIP-FREE-SHIPPING-New-/192714876382,"Philadelphia,PA,USA",,New,VoIP Business Phones/IP PBX,91.99,
"Cisco CP-7925G-EX-K9= IP Phone -Yellow (2"" Display, Water Resistant, 802.11a/b/g, Speakerphone, HD Voice)",https://www.amazon.com/Cisco-CP-7925G-EX-K9-Yellow-Resistant-Speakerphone/dp/B004D8BLDU,[],[],In Stock.,[],362.59,Cisco  CP-7925G-EX-K9 - Wireless VoIP Phone NEW SEALED,https://www.ebay.com/itm/Cisco-CP-7925G-EX-K9-Wireless-VoIP-Phone-NEW-SEALED-/223720978341,"Elgin,IL,USA",,New,VoIP Business Phones/IP PBX,275.0,
Cisco 8841 VoIP Phone (Power Supply Not Included),https://www.amazon.com/Cisco-CP-8841-K9-8841-VoIP-Phone/dp/B00L8JVXXK,VoIP,Office Products,"In stock on November 8, 2019.",[],137.0,Cisco CP-8841-K9= VoIP Phone,https://www.ebay.com/itm/Cisco-CP-8841-K9-VoIP-Phone-/312748895167,"Torrance,CA,USA",,New,VoIP Business Phones/IP PBX,135.0,
Polycom VVX 501 Corded Business Media Phone System - 12 Line PoE - 2200-48500-025 - AC Adapter (Not Included) - Replaces VVX 500,https://www.amazon.com/Polycom-Corded-Business-Media-System/dp/B01CO6GRPO,VoIP,Office Products,In Stock.,[],176.93,New Polycom VVX 501 VoIP IP SIP Business Phone 2200-48500-025 FREE Same Day SHIP,https://www.ebay.com/itm/New-Polycom-VVX-501-VoIP-IP-SIP-Business-Phone-2200-48500-025-FREE-Same-Day-SHIP-/283660127625,"Atlanta,GA,USA",,New,VoIP Business Phones/IP PBX,135.0,
"Cisco CP-8851-K9= 8851 IP Phone 5""",https://www.amazon.com/Cisco-CP-8851-K9-8851-IP-Phone/dp/B00LGMQQAO,VoIP,Office Products,In Stock.,[],157.0,NEW Cisco IP VoIP 8851 LCD Color Display Conference Phone P/N: CP-8851-K9=,https://www.ebay.com/itm/NEW-Cisco-IP-VoIP-8851-LCD-Color-Display-Conference-Phone-P-N-CP-8851-K9-/202636186369,"Fairfield,NJ,USA",,New,VoIP Business Phones/IP PBX,172.99,
Polycom VVX 401 2200-48400-025 12-line Business Media Phone - AC Adapter Not Included,https://www.amazon.com/Polycom-2200-48400-025-12-line-Business-Media/dp/B01EECUG4Y,VoIP,Office Products,In Stock.,[],105.0,Polycom VVX 401 VoIP IP SIP Business Media Phone (2200-48400-025) - NEW,https://www.ebay.com/itm/Polycom-VVX-401-VoIP-IP-SIP-Business-Media-Phone-2200-48400-025-NEW-/231987138368,"Troy,MI,USA",,New,VoIP Business Phones/IP PBX,110.99,
- Avaya IP 500 IX J129 700513638 IP VOIP POE Entry Level Display Telephone,https://www.amazon.com/Avaya-700513638-Entry-Display-Telephone/dp/B07WLCW1Z8,VoIP,Office Products,$59.46,[],59.46,Avaya J129 700513638 VoIP SIP Phone Fast Shipping,https://www.ebay.com/itm/Avaya-J129-700513638-VoIP-SIP-Phone-Fast-Shipping-/223734274701,"Irwin,PA,USA",,New,Business Phone Sets & Handsets,35.0,
Grandstream GS-GXP2170 VoIP Phone & Device,https://www.amazon.com/Grandstream-GS-GXP2170-VoIP-Phone-Device/dp/B019X06IFS,VoIP,Office Products,$95.00,[],95.0,GRANDSTREAM GXP2170: 12 Line HD IP Phone - VoIP - FREE SHIPPING - New,https://www.ebay.com/itm/GRANDSTREAM-GXP2170-12-Line-HD-IP-Phone-VoIP-FREE-SHIPPING-New-/113893689689,"Fountain Valley,CA,USA",,New,VoIP Business Phones/IP PBX,91.99,
"Cisco CP-7945G++= 7945G Two Line Color Display IP Phone, CP-7945G",https://www.amazon.com/Cisco-7945G-Color-Display-CP-7945G/dp/B000XUTRFQ,VoIP,Office Products,Only 16 left in stock - order soon.,[],71.77,Cisco 7945G IP VoIP Gigabit GIGE Telephone Phone - CP-7945G=,https://www.ebay.com/itm/Cisco-7945G-IP-VoIP-Gigabit-GIGE-Telephone-Phone-CP-7945G-/323961761346,"Carteret,NJ,USA",,New,VoIP Business Phones/IP PBX,45.0,
"Yealink T29G IP Phone, 16 Lines. 4.3-Inch Color Display. USB 2.0, Dual-Port Gigabit Ethernet, 802.3af PoE, Power Adapter Not Included (SIP-T29G)",https://www.amazon.com/Yealink-4-3-Inch-Display-Dual-Port-SIP-T29G/dp/B00S05ZLZ6,VoIP,Office Products,In Stock.,[],125.47,Yealink SIP-T29G Gigabit VoIP IP Phone - NEW,https://www.ebay.com/itm/Yealink-SIP-T29G-Gigabit-VoIP-IP-Phone-NEW-/351749789757,"Troy,MI,USA",,New,VoIP Business Phones/IP PBX,129.99,
NetTalk 857392003016 Duo II VOIP Phone and Device,https://www.amazon.com/netTalk-857392003016-VoIP-Phone-Device/dp/B007P8I3L8,[],Office Products,[],[],6.28,netTalk 857392003016 Duo II VoIP Phone and Device BRAND NEW,https://www.ebay.com/itm/netTalk-857392003016-Duo-II-VoIP-Phone-and-Device-BRAND-NEW-/153513821011,"Long Island City,NY,USA",,New,VoIP Home Phones,19.99,
"Yealink SIP-T46S IP Phone, 16 Lines. 4.3-Inch Color Display. Dual-Port Gigabit Ethernet, 802.3af PoE, Power Adapter Not Included",https://www.amazon.com/Yealink-SIP-T46S-Phone-Supply-Included/dp/B01MYPIQMC,VoIP,Office Products,$150.25,[],150.25,Yealink SIP-T46S Gigabit IP VoiP Phone 16 Line Telephone Opus Color Optima HD,https://www.ebay.com/itm/Yealink-SIP-T46S-Gigabit-IP-VoiP-Phone-16-Line-Telephone-Opus-Color-Optima-HD-/153657871768,"Austin,TX,USA",,New,VoIP Business Phones/IP PBX,150.49,
Cisco 7832 IP Conference Station - Cable - Smoke,https://www.amazon.com/Cisco-7832-IP-Conference-Station/dp/B074CYJ8PP,VoIP,Office Products,[],#399 in VoIP Phones,274.89,new in box Cisco 7832 CP-7832-K9= IP VOIP PoE Conference Phone,https://www.ebay.com/itm/new-box-Cisco-7832-CP-7832-K9-IP-VOIP-PoE-Conference-Phone-/174060942372,"Dallas,TX,USA",,New,VoIP Business Phones/IP PBX,268.88,
Mitel MiVoice 6930 IP Phone (50006769),https://www.amazon.com/Mitel-MiVoice-6930-Phone-50006769/dp/B0779HGGB4,VoIP,Office Products,$149.00,#155 in VoIP Phones,149.0,Mitel MiVoice 6930 VoIP phone Bluetooth Interface P/N: 50006769,https://www.ebay.com/itm/Mitel-MiVoice-6930-VoIP-phone-Bluetooth-Interface-P-N-50006769-/283513731544,"Irvine,CA,USA",,New,Business Phone Sets & Handsets,181.09,
Cisco 8841 VoIP Phone (Power Supply Not Included),https://www.amazon.com/Cisco-CP-8841-K9-8841-VoIP-Phone/dp/B00L8JVXXK,VoIP,Office Products,"In stock on November 8, 2019.",[],137.0,NEW Cisco 8841 CP-8841-K9 IP Phone Cable Wall Mountable VoIP,https://www.ebay.com/itm/NEW-Cisco-8841-CP-8841-K9-IP-Phone-Cable-Wall-Mountable-VoIP-/142055475535,"Fairfield,NJ,USA",,New,VoIP Business Phones/IP PBX,145.95,
Mitel 5320e IP Phone,https://www.amazon.com/Mitel-5320-5320e-IP-Phone/dp/B00IRL6RTC,VoIP,Office Products,In Stock.,[],155.74,Mitel 5320e VoIP IP Phone Gigabit Telephone Backlit 50006634 New Sealed,https://www.ebay.com/itm/Mitel-5320e-VoIP-IP-Phone-Gigabit-Telephone-Backlit-50006634-New-Sealed-/174078409244,"Santee,CA,USA",,New,Business Phone Sets & Handsets,99.99,
"Polycom, Inc. 2200-12450-025 SoundPoint IP 450 PoE Phone",https://www.amazon.com/Polycom-Inc-2200-12450-025-SoundPoint-Phone/dp/B00OYW5L2W,VoIP,Office Products,[],[],,New Polycom 2200-12450-025 SoundPoint IP 450 SIP VoIP PoE Business Phone,https://www.ebay.com/itm/New-Polycom-2200-12450-025-SoundPoint-IP-450-SIP-VoIP-PoE-Business-Phone-/202636726383,"Indianapolis,IN,USA",,New,VoIP Business Phones/IP PBX,19.99,
"Grandstream GS-HT802 2 Port Analog Telephone Adapter VoIP Phone & Device, Black",https://www.amazon.com/Grandstream-GS-HT802-Analog-Telephone-Adapter/dp/B01JH7MYKA,VoIP,Office Products,In Stock.,[],37.13,Grandstream GS-HT802 2 Port Analog Telephone Adapter VoIP Phone & Device,https://www.ebay.com/itm/Grandstream-GS-HT802-2-Port-Analog-Telephone-Adapter-VoIP-Phone-Device-/113928194650,"Park City,UT,USA",,New,VoIP Home Phones,29.5,
Polycom VVX 600 IP Phone PoE New (2200-44600-025) (Power Supply Not Included),https://www.amazon.com/Polycom-VVX-600-Phone-2200-44600-025/dp/B00A8C4XEE,Audio Conferencing,Office Products,Only 14 left in stock - order soon.,#5 in PBX Phones & Systems,142.0,Polycom VVX 600 VoIP / IP PBX 16-Line Phone with Touch Screen PoE,https://www.ebay.com/itm/Polycom-VVX-600-VoIP-IP-PBX-16-Line-Phone-Touch-Screen-PoE-/123963536153,"Richmond,VA,USA",,New,VoIP Business Phones/IP PBX,129.99,
Cisco CP-8845-K9 5 Line IP Video Phone (Power Supply Not Included),https://www.amazon.com/Cisco-CP-8845-K9-Line-Video-Phone/dp/B013WB99UU,VoIP,Office Products,$163.00,[],163.0,Cisco IP 8845 VoIP SIP LCD Display Gigabit Conference Phone (CP-8845-K9=),https://www.ebay.com/itm/Cisco-IP-8845-VoIP-SIP-LCD-Display-Gigabit-Conference-Phone-CP-8845-K9-/263247651824,USA,,New,VoIP Home Phones,161.82,
Grandstream GS-GXP2170 VoIP Phone & Device,https://www.amazon.com/Grandstream-GS-GXP2170-VoIP-Phone-Device/dp/B019X06IFS,VoIP,Office Products,$95.00,[],95.0,GRANDSTREAM GXP2170: 12 Line HD IP Phone - VoIP - FREE SHIPPING - New,https://www.ebay.com/itm/GRANDSTREAM-GXP2170-12-Line-HD-IP-Phone-VoIP-FREE-SHIPPING-New-/133219454148,"Hamden,CT,USA",,New,VoIP Business Phones/IP PBX,89.95,
AUDIOCODES 405HD IP Phone - VoIP phone / UC405HDEG /,https://www.amazon.com/AUDIOCODES-405HD-IP-Phone-UC405HDEG/dp/B072LY79GV,VoIP,Office Products,$98.99,#929 in VoIP Phones,98.99,AudioCodes 405HD IP Phone VoIP UC405HDEG Black NEW IN BOX,https://www.ebay.com/itm/AudioCodes-405HD-IP-Phone-VoIP-UC405HDEG-Black-NEW-BOX-/372816711204,"Orlando,FL,USA",,New,Multiplexers,39.99,
ShoreTel IP Phone 230G Black,https://www.amazon.com/ShoreTel-IP-Phone-230G-Black/dp/B00HEOSBYM,VoIP,Office Products,Only 18 left in stock - order soon.,[],184.97,SHORETEL IP 230G LCD Display VOIP PHONE (BLACK) 630-1044-10 New in Box,https://www.ebay.com/itm/SHORETEL-IP-230G-LCD-Display-VOIP-PHONE-BLACK-630-1044-10-New-Box-/392505510258,"Oakland,CA,USA",,New,Business Phone Sets & Handsets,69.97,
Grandstream Small Business IP phone with Single SIP account (GXP1610),https://www.amazon.com/Grandstream-Business-Single-account-GXP1610/dp/B01318HLCC,VoIP,Office Products,$36.94,#485 in VoIP Phones,36.94,NEW Grandstream GXP1610  IP Phone (Non PoE) 1 SIP Account 2 Line-Keys VOIP,https://www.ebay.com/itm/NEW-Grandstream-GXP1610-IP-Phone-Non-PoE-1-SIP-Account-2-Line-Keys-VOIP-/193098713139,"Jacksonville,FL,USA",,New,VoIP Home Phones,42.0,
AVAYA 700506783 (005),https://www.amazon.com/Avaya-700506783-005-AVAYA/dp/B017O2979Q,Laptop Replacement Parts,Electronics,$159.97,[],159.97,NEW Avaya 9601 VoIP IP SIP Desktop Phone 700506783,https://www.ebay.com/itm/NEW-Avaya-9601-VoIP-IP-SIP-Desktop-Phone-700506783-/142690390098,"Fairfield,NJ,USA",,New,Corded Telephones,22.99,
"Cisco Business Class VOIP Phone CP-8861-K9= IP, Requires Cisco Communications Manager (Power Supply Not Included)",https://www.amazon.com/Cisco-Business-CP-8861-K9-Requires-Communications/dp/B00LGMQRVM,VoIP,Office Products,In Stock.,[],210.99,NEW Cisco CP-8861-K9 VOIP IP Phone (Requires Cisco Communications Manager),https://www.ebay.com/itm/NEW-Cisco-CP-8861-K9-VOIP-IP-Phone-Requires-Cisco-Communications-Manager-/143254549007,"Fairfield,NJ,USA",,New,VoIP Business Phones/IP PBX,217.99,
Polycom SoundStation IP 5000 PoE Only (Power Supply Not Included),https://www.amazon.com/Polycom-SoundStation-Power-Supply-Included/dp/B003QXGWM8,[],Office Products,$232.07,"#1,143 in Telephones",232.07,Polycom SoundStation IP 5000 Conference Phone VoIP PoE (2200-30900-025) - NEW,https://www.ebay.com/itm/Polycom-SoundStation-IP-5000-Conference-Phone-VoIP-PoE-2200-30900-025-NEW-/174084509163,"Renton,WA,USA",,New,Conference Equipment,200.0,
"Cisco DX650 Desktop Collaboration Experience (VoIP Phone, Video Conferencing, Instant Messaging, Touchscreen, CP-DX650-K9)",https://www.amazon.com/Cisco-Collaboration-Conferencing-Touchscreen-CP-DX650-K9/dp/B00DUFC5OQ,VoIP,Office Products,$285.19,[],285.19,Cisco CP-DX650-K9= Desktop Collaboration Experience Voip Video Touchscreen Phone,https://www.ebay.com/itm/Cisco-CP-DX650-K9-Desktop-Collaboration-Experience-Voip-Video-Touchscreen-Phone-/283664832796,"Tempe,AZ,USA",,New,VoIP Business Phones/IP PBX,149.99,
Cisco CP-7811-K9 UC Phone 7811,https://www.amazon.com/Cisco-CP-7811-K9-UC-Phone-7811/dp/B00YHIAFHE,Landline Phones,Office Products,$55.00,[],55.0,NEW Cisco 7811 IP Phone Cable Wall Mountable Charcoal VoIP CP-7811-K9,https://www.ebay.com/itm/NEW-Cisco-7811-IP-Phone-Cable-Wall-Mountable-Charcoal-VoIP-CP-7811-K9-/142463573336,"Fairfield,NJ,USA",,New,VoIP Business Phones/IP PBX,71.99,
Cisco Systems CP-8811-K9= Ip Phone 8811 Series,https://www.amazon.com/Cisco-Systems-CP-8811-K9-Phone-8811/dp/B01MG210E0,VoIP,Office Products,$112.97,[],112.97,Cisco CP-8811-K9 VoIP PHONE,https://www.ebay.com/itm/Cisco-CP-8811-K9-VoIP-PHONE-/183863093390,"Clifton,NJ,USA",,New,VoIP Business Phones/IP PBX,135.0,
PK Power AC/DC Adapter for Cisco UC320W-FXO-K9 Wireless Router VoIP Power Supply Cord Cable PS Charger Mains PSU,https://www.amazon.com/PK-Power-Adapter-UC320W-FXO-K9-Wireless/dp/B06XTD5475,AC Adapters,Electronics,$13.89,[],13.89,Cisco UC320W-FXO-K9 VoIP gateway Unified Communications 320W + SPA303 phone,https://www.ebay.com/itm/Cisco-UC320W-FXO-K9-VoIP-gateway-Unified-Communications-320W-SPA303-phone-/174079340394,"Dallas,TX,USA",,New,VoIP Business Phones/IP PBX,223.88,
POLYCOM 2200-48450-025 - Polycom VVX 411 IP Phone - Cable - Wall Mountable - 12 x Total L,https://www.amazon.com/POLYCOM-2200-48450-025-Polycom-Phone-Mountable/dp/B01LXAHRJL,VoIP,Office Products,$197.99,[],197.99,Polycom VVX 411 - VoIP phone (2200-48450-025),https://www.ebay.com/itm/Polycom-VVX-411-VoIP-phone-2200-48450-025-/264461983376,"Irvine,CA,USA",,New,VoIP Business Phones/IP PBX,130.58,
Polycom VVX 401 2200-48400-025 12-line Business Media Phone - AC Adapter Not Included,https://www.amazon.com/Polycom-2200-48400-025-12-line-Business-Media/dp/B01EECUG4Y,VoIP,Office Products,In Stock.,[],105.0,Polycom VVX 401 VoIP phone (2200-48400-025),https://www.ebay.com/itm/Polycom-VVX-401-VoIP-phone-2200-48400-025-/264461784836,"Irvine,CA,USA",,New,VoIP Business Phones/IP PBX,110.3,
Snom 821 IP Phone,https://www.amazon.com/SNOM-Technology-2346-Snom-Phone/dp/B003V3213W,VoIP,Office Products,$79.73,[],79.73,New SNOM 821 IP VoIP 12-Line TFT Color Display Gigabit Office Business Phone NOB,https://www.ebay.com/itm/New-SNOM-821-IP-VoIP-12-Line-TFT-Color-Display-Gigabit-Office-Business-Phone-NOB-/192940539921,"Mesa,AZ,USA",,New,Business Phone Sets & Handsets,66.49,
Allworx 9204 VoIP Phone - 4 Programmable Buttons,https://www.amazon.com/Allworx-9204-VoIP-Phone-Programmable/dp/B007MCPJ96,VoIP,Office Products,$169.00,[],169.0,NEW ALLWORX VOIP PHONE 9204 -8110041,https://www.ebay.com/itm/NEW-ALLWORX-VOIP-PHONE-9204-8110041-/152973961412,"Riverside,CA,USA",,New,VoIP Business Phones/IP PBX,149.0,
Allworx Verge 9312 IP Phone Gigabit Bluetooth,https://www.amazon.com/Allworx-Verge-Phone-Gigabit-Bluetooth/dp/B06WD42CTM,VoIP,Office Products,$237.49,[],237.49,"BRAND NEW! Allworx Verge 9312 VoIP Phone 8113120 4.3"" Color Display Gig port",https://www.ebay.com/itm/BRAND-NEW-Allworx-Verge-9312-VoIP-Phone-8113120-4-3-Color-Display-Gig-port-/222403653564,"Brea,CA,USA",,New,VoIP Business Phones/IP PBX,359.0,
Yealink SIP-T46G Ultra-Elegant Gigabit IP Phone,https://www.amazon.com/Yealink-SIP-T46G-Ultra-Elegant-Gigabit-Phone/dp/B00D0SXK1K,VoIP,Office Products,In Stock.,[],152.63,Gigabit VoIP IP Phone Yealink SIP-T46G,https://www.ebay.com/itm/Gigabit-VoIP-IP-Phone-Yealink-SIP-T46G-/362798822925,"Savannah,GA,USA",,New,VoIP Business Phones/IP PBX,39.99,
Cisco 8811 8841 8851 8861 8865 8941 8945 8961 Phone Headset - Call Center Noise Cancelling Mic Economic Monaural Headset + Headset Adapter,https://www.amazon.com/Cisco-8811-8841-Phone-Headset/dp/B019EXZEXG,Headsets,Electronics,$50.00,[],50.0,"NEW Cisco VoIP Phone CP-8811, 8841, 8845, 8851, 8861, & 8865 Back Stand",https://www.ebay.com/itm/NEW-Cisco-VoIP-Phone-CP-8811-8841-8845-8851-8861-8865-Back-Stand-/183856826141,"Elk Grove,CA,USA",,New,VoIP Business Phones/IP PBX,17.5,
Polycom VVX 411 12-Line IP Phone Gigabit PoE (Power Supply Not Included),https://www.amazon.com/VVX-411-12-Line-Phone-Gigabit/dp/B01C6WRXUO,VoIP,Office Products,In Stock.,[],114.99,NEW Polycom VVX 411 IP Phone Gigabit PoE VOIP 2200-48450-025,https://www.ebay.com/itm/NEW-Polycom-VVX-411-IP-Phone-Gigabit-PoE-VOIP-2200-48450-025-/182295782424,"Fairfield,NJ,USA",,New,VoIP Business Phones/IP PBX,116.95,
"Yealink SIP-T46S IP Phone, 16 Lines. 4.3-Inch Color Display. Dual-Port Gigabit Ethernet, 802.3af PoE, Power Adapter Not Included",https://www.amazon.com/Yealink-SIP-T46S-Phone-Supply-Included/dp/B01MYPIQMC,VoIP,Office Products,$150.25,[],150.25,Yealink SIP-T46S Gigabit VoIP IP Phone PoE (Power Supply not Included) - NEW,https://www.ebay.com/itm/Yealink-SIP-T46S-Gigabit-VoIP-IP-Phone-PoE-Power-Supply-not-Included-NEW-/280928501430,"Troy,MI,USA",,New,VoIP Business Phones/IP PBX,149.99,
Polycom VVX 401 2200-48400-025 12-line Business Media Phone - AC Adapter Not Included,https://www.amazon.com/Polycom-2200-48400-025-12-line-Business-Media/dp/B01EECUG4Y,VoIP,Office Products,In Stock.,[],105.0,NEW Polycom VVX 401 VoIP IP SIP Business Media Phone 2200-48400-025,https://www.ebay.com/itm/NEW-Polycom-VVX-401-VoIP-IP-SIP-Business-Media-Phone-2200-48400-025-/202568008694,"Fairfield,NJ,USA",,New,VoIP Business Phones/IP PBX,103.99,
"Cisco Unified IP Phone, Charcoal (CP-8961-C-K9=)",https://www.amazon.com/Cisco-Unified-Phone-Charcoal-CP-8961-C-K9/dp/B0035G87MY,VoIP,Office Products,$95.00,[],95.0,Cisco CP-8961-C-K9 VOIP Phone with PoE,https://www.ebay.com/itm/Cisco-CP-8961-C-K9-VOIP-Phone-PoE-/153687020347,"Wendell,NC,USA",,New,VoIP Business Phones/IP PBX,34.99,
Cisco CP-8811-K9 IP Phone Without Power Supply,https://www.amazon.com/Cisco-CP-8811-K9-Phone-Without-Supply/dp/B00NRFXM00,VoIP,Office Products,In Stock.,[],108.44,CP-8811-K9 Cisco VoIP Phone - Brand New,https://www.ebay.com/itm/CP-8811-K9-Cisco-VoIP-Phone-Brand-New-/382781713661,"Carrollton,TX,USA",,New,VoIP Business Phones/IP PBX,115.0,
Mitel 5304 IP Basic Backlit Display Phone (51011571) (Renewed),https://www.amazon.com/Mitel-Backlit-51011571-REFURBISHED-WARRANTY/dp/B01LZNGZFM,VoIP,Office Products,$93.70,"#1,051 in VoIP Phones",93.7,Mitel MiVoice 5304 IP VoIP Phone NEW 12 Available 2-Line Dual-Port Low Energy,https://www.ebay.com/itm/Mitel-MiVoice-5304-IP-VoIP-Phone-NEW-12-Available-2-Line-Dual-Port-Low-Energy-/184011451968,"Lexington,NC,USA",,New,VoIP Business Phones/IP PBX,59.99,
Polycom VVX 401 2200-48400-025 12-line Business Media Phone - AC Adapter Not Included,https://www.amazon.com/Polycom-2200-48400-025-12-line-Business-Media/dp/B01EECUG4Y,VoIP,Office Products,In Stock.,[],105.0,NEW Polycom VVX 401 VoIP IP SIP Business Media Phone 2200-48400-025,https://www.ebay.com/itm/NEW-Polycom-VVX-401-VoIP-IP-SIP-Business-Media-Phone-2200-48400-025-/113948620843,"Ashland City,TN,USA",,New,VoIP Business Phones/IP PBX,97.5,
"Cisco SPA504G 4-Line IP Phone with 2-Port Switch, PoE and LCD Display, Silver, Grey (Power Supply not Included)",https://www.amazon.com/Cisco-SPA504G-4-Line-Display-Included/dp/B002HXW984,VoIP,Office Products,In Stock.,#14 in VoIP Phones,68.99,Cisco SPA504G 4-Line VoIP IP Phone PoE (Power Supply not Included) - NEW,https://www.ebay.com/itm/Cisco-SPA504G-4-Line-VoIP-IP-Phone-PoE-Power-Supply-not-Included-NEW-/231448007269,"Troy,MI,USA",,New,VoIP Business Phones/IP PBX,67.99,
Cisco 8841 VoIP Phone (Power Supply Not Included),https://www.amazon.com/Cisco-CP-8841-K9-8841-VoIP-Phone/dp/B00L8JVXXK,VoIP,Office Products,"In stock on November 8, 2019.",[],137.0,Cisco CP-8841-K9= VoIP Phone,https://www.ebay.com/itm/Cisco-CP-8841-K9-VoIP-Phone-/312748895167,"Torrance,CA,USA",,New,VoIP Business Phones/IP PBX,135.0,
"SPA508G - CISCO SPA508G SPA508G CISCO VOIP PHONE, 8 LINES",https://www.amazon.com/SPA508G-CISCO-VOIP-PHONE-LINES/dp/B016YJVNSI,VoIP,Office Products,$128.95,[],128.95,NEW Cisco IP Phone SPA508G 8 Line VoIP Phone 2-Port Switch PoE LCD Display,https://www.ebay.com/itm/NEW-Cisco-IP-Phone-SPA508G-8-Line-VoIP-Phone-2-Port-Switch-PoE-LCD-Display-/183558459174,"Fairfield,NJ,USA",,New,VoIP Business Phones/IP PBX,73.95,
Polycom PSA15A-480P 48V 0.31A Power Supply 1465-43637-001,https://www.amazon.com/Polycom-PSA15A-480P-0-31A-Supply-1465-43637-001/dp/B076C1LCKT,VoIP,Office Products,In Stock.,[],14.45,NEW LOT of 8x Polycom VOIP Phone 48V AC Power Adapter Supply Cord PSA15A-480P,https://www.ebay.com/itm/NEW-LOT-8x-Polycom-VOIP-Phone-48V-AC-Power-Adapter-Supply-Cord-PSA15A-480P-/323942218033,"San Rafael,CA,USA",,New,VoIP Business Phones/IP PBX,59.95,
Grandstream GS-GXP2170 VoIP Phone & Device,https://www.amazon.com/Grandstream-GS-GXP2170-VoIP-Phone-Device/dp/B019X06IFS,VoIP,Office Products,$95.00,[],95.0,GRANDSTREAM GXP2170: 12 Line HD IP Phone - VoIP - FREE SHIPPING - New,https://www.ebay.com/itm/GRANDSTREAM-GXP2170-12-Line-HD-IP-Phone-VoIP-FREE-SHIPPING-New-/192714876382,"Philadelphia,PA,USA",,New,VoIP Business Phones/IP PBX,91.99,
"Cisco CP-7925G-EX-K9= IP Phone -Yellow (2"" Display, Water Resistant, 802.11a/b/g, Speakerphone, HD Voice)",https://www.amazon.com/Cisco-CP-7925G-EX-K9-Yellow-Resistant-Speakerphone/dp/B004D8BLDU,[],[],In Stock.,[],362.59,Cisco  CP-7925G-EX-K9 - Wireless VoIP Phone NEW SEALED,https://www.ebay.com/itm/Cisco-CP-7925G-EX-K9-Wireless-VoIP-Phone-NEW-SEALED-/223720978341,"Elgin,IL,USA",,New,VoIP Business Phones/IP PBX,275.0,
Polycom VVX 501 Corded Business Media Phone System - 12 Line PoE - 2200-48500-025 - AC Adapter (Not Included) - Replaces VVX 500,https://www.amazon.com/Polycom-Corded-Business-Media-System/dp/B01CO6GRPO,VoIP,Office Products,In Stock.,[],176.93,New Polycom VVX 501 VoIP IP SIP Business Phone 2200-48500-025 FREE Same Day SHIP,https://www.ebay.com/itm/New-Polycom-VVX-501-VoIP-IP-SIP-Business-Phone-2200-48500-025-FREE-Same-Day-SHIP-/283660127625,"Atlanta,GA,USA",,New,VoIP Business Phones/IP PBX,135.0,
"Cisco CP-8851-K9= 8851 IP Phone 5""",https://www.amazon.com/Cisco-CP-8851-K9-8851-IP-Phone/dp/B00LGMQQAO,VoIP,Office Products,In Stock.,[],157.0,NEW Cisco IP VoIP 8851 LCD Color Display Conference Phone P/N: CP-8851-K9=,https://www.ebay.com/itm/NEW-Cisco-IP-VoIP-8851-LCD-Color-Display-Conference-Phone-P-N-CP-8851-K9-/202636186369,"Fairfield,NJ,USA",,New,VoIP Business Phones/IP PBX,172.99,
Polycom VVX 401 2200-48400-025 12-line Business Media Phone - AC Adapter Not Included,https://www.amazon.com/Polycom-2200-48400-025-12-line-Business-Media/dp/B01EECUG4Y,VoIP,Office Products,In Stock.,[],105.0,Polycom VVX 401 VoIP IP SIP Business Media Phone (2200-48400-025) - NEW,https://www.ebay.com/itm/Polycom-VVX-401-VoIP-IP-SIP-Business-Media-Phone-2200-48400-025-NEW-/231987138368,"Troy,MI,USA",,New,VoIP Business Phones/IP PBX,110.99,
- Avaya IP 500 IX J129 700513638 IP VOIP POE Entry Level Display Telephone,https://www.amazon.com/Avaya-700513638-Entry-Display-Telephone/dp/B07WLCW1Z8,VoIP,Office Products,$59.46,[],59.46,Avaya J129 700513638 VoIP SIP Phone Fast Shipping,https://www.ebay.com/itm/Avaya-J129-700513638-VoIP-SIP-Phone-Fast-Shipping-/223734274701,"Irwin,PA,USA",,New,Business Phone Sets & Handsets,35.0,
Grandstream GS-GXP2170 VoIP Phone & Device,https://www.amazon.com/Grandstream-GS-GXP2170-VoIP-Phone-Device/dp/B019X06IFS,VoIP,Office Products,$95.00,[],95.0,GRANDSTREAM GXP2170: 12 Line HD IP Phone - VoIP - FREE SHIPPING - New,https://www.ebay.com/itm/GRANDSTREAM-GXP2170-12-Line-HD-IP-Phone-VoIP-FREE-SHIPPING-New-/113893689689,"Fountain Valley,CA,USA",,New,VoIP Business Phones/IP PBX,91.99,
"Cisco CP-7945G++= 7945G Two Line Color Display IP Phone, CP-7945G",https://www.amazon.com/Cisco-7945G-Color-Display-CP-7945G/dp/B000XUTRFQ,VoIP,Office Products,Only 16 left in stock - order soon.,[],71.77,Cisco 7945G IP VoIP Gigabit GIGE Telephone Phone - CP-7945G=,https://www.ebay.com/itm/Cisco-7945G-IP-VoIP-Gigabit-GIGE-Telephone-Phone-CP-7945G-/323961761346,"Carteret,NJ,USA",,New,VoIP Business Phones/IP PBX,45.0,
"Yealink T29G IP Phone, 16 Lines. 4.3-Inch Color Display. USB 2.0, Dual-Port Gigabit Ethernet, 802.3af PoE, Power Adapter Not Included (SIP-T29G)",https://www.amazon.com/Yealink-4-3-Inch-Display-Dual-Port-SIP-T29G/dp/B00S05ZLZ6,VoIP,Office Products,In Stock.,[],125.47,Yealink SIP-T29G Gigabit VoIP IP Phone - NEW,https://www.ebay.com/itm/Yealink-SIP-T29G-Gigabit-VoIP-IP-Phone-NEW-/351749789757,"Troy,MI,USA",,New,VoIP Business Phones/IP PBX,129.99,
NetTalk 857392003016 Duo II VOIP Phone and Device,https://www.amazon.com/netTalk-857392003016-VoIP-Phone-Device/dp/B007P8I3L8,[],Office Products,$6.28,[],6.28,netTalk 857392003016 Duo II VoIP Phone and Device BRAND NEW,https://www.ebay.com/itm/netTalk-857392003016-Duo-II-VoIP-Phone-and-Device-BRAND-NEW-/153513821011,"Long Island City,NY,USA",,New,VoIP Home Phones,19.99,
"Yealink SIP-T46S IP Phone, 16 Lines. 4.3-Inch Color Display. Dual-Port Gigabit Ethernet, 802.3af PoE, Power Adapter Not Included",https://www.amazon.com/Yealink-SIP-T46S-Phone-Supply-Included/dp/B01MYPIQMC,VoIP,Office Products,$150.25,[],150.25,Yealink SIP-T46S Gigabit IP VoiP Phone 16 Line Telephone Opus Color Optima HD,https://www.ebay.com/itm/Yealink-SIP-T46S-Gigabit-IP-VoiP-Phone-16-Line-Telephone-Opus-Color-Optima-HD-/153657871768,"Austin,TX,USA",,New,VoIP Business Phones/IP PBX,150.49,
Mitel MiVoice 6930 IP Phone (50006769),https://www.amazon.com/Mitel-MiVoice-6930-Phone-50006769/dp/B0779HGGB4,VoIP,Office Products,$149.00,#155 in VoIP Phones,149.0,Mitel MiVoice 6930 VoIP phone Bluetooth Interface P/N: 50006769,https://www.ebay.com/itm/Mitel-MiVoice-6930-VoIP-phone-Bluetooth-Interface-P-N-50006769-/283513731544,"Irvine,CA,USA",,New,Business Phone Sets & Handsets,181.09,
Cisco 7832 IP Conference Station - Cable - Smoke,https://www.amazon.com/Cisco-7832-IP-Conference-Station/dp/B074CYJ8PP,VoIP,Office Products,In Stock.,#399 in VoIP Phones,274.89,new in box Cisco 7832 CP-7832-K9= IP VOIP PoE Conference Phone,https://www.ebay.com/itm/new-box-Cisco-7832-CP-7832-K9-IP-VOIP-PoE-Conference-Phone-/174060942372,"Dallas,TX,USA",,New,VoIP Business Phones/IP PBX,268.88,
Cisco 8841 VoIP Phone (Power Supply Not Included),https://www.amazon.com/Cisco-CP-8841-K9-8841-VoIP-Phone/dp/B00L8JVXXK,VoIP,Office Products,"In stock on November 8, 2019.",[],137.0,NEW Cisco 8841 CP-8841-K9 IP Phone Cable Wall Mountable VoIP,https://www.ebay.com/itm/NEW-Cisco-8841-CP-8841-K9-IP-Phone-Cable-Wall-Mountable-VoIP-/142055475535,"Fairfield,NJ,USA",,New,VoIP Business Phones/IP PBX,145.95,
Mitel 5320e IP Phone,https://www.amazon.com/Mitel-5320-5320e-IP-Phone/dp/B00IRL6RTC,VoIP,Office Products,In Stock.,[],155.74,Mitel 5320e VoIP IP Phone Gigabit Telephone Backlit 50006634 New Sealed,https://www.ebay.com/itm/Mitel-5320e-VoIP-IP-Phone-Gigabit-Telephone-Backlit-50006634-New-Sealed-/174078409244,"Santee,CA,USA",,New,Business Phone Sets & Handsets,99.99,
"Polycom, Inc. 2200-12450-025 SoundPoint IP 450 PoE Phone",https://www.amazon.com/Polycom-Inc-2200-12450-025-SoundPoint-Phone/dp/B00OYW5L2W,VoIP,Office Products,[],[],,New Polycom 2200-12450-025 SoundPoint IP 450 SIP VoIP PoE Business Phone,https://www.ebay.com/itm/New-Polycom-2200-12450-025-SoundPoint-IP-450-SIP-VoIP-PoE-Business-Phone-/202636726383,"Indianapolis,IN,USA",,New,VoIP Business Phones/IP PBX,19.99,
"Grandstream GS-HT802 2 Port Analog Telephone Adapter VoIP Phone & Device, Black",https://www.amazon.com/Grandstream-GS-HT802-Analog-Telephone-Adapter/dp/B01JH7MYKA,VoIP,Office Products,In Stock.,[],37.13,Grandstream GS-HT802 2 Port Analog Telephone Adapter VoIP Phone & Device,https://www.ebay.com/itm/Grandstream-GS-HT802-2-Port-Analog-Telephone-Adapter-VoIP-Phone-Device-/113928194650,"Park City,UT,USA",,New,VoIP Home Phones,29.5,
Polycom VVX 600 IP Phone PoE New (2200-44600-025) (Power Supply Not Included),https://www.amazon.com/Polycom-VVX-600-Phone-2200-44600-025/dp/B00A8C4XEE,Audio Conferencing,Office Products,Only 14 left in stock - order soon.,#5 in PBX Phones & Systems,142.0,Polycom VVX 600 VoIP / IP PBX 16-Line Phone with Touch Screen PoE,https://www.ebay.com/itm/Polycom-VVX-600-VoIP-IP-PBX-16-Line-Phone-Touch-Screen-PoE-/123963536153,"Richmond,VA,USA",,New,VoIP Business Phones/IP PBX,129.99,
Cisco CP-8845-K9 5 Line IP Video Phone (Power Supply Not Included),https://www.amazon.com/Cisco-CP-8845-K9-Line-Video-Phone/dp/B013WB99UU,VoIP,Office Products,$163.00,[],163.0,Cisco IP 8845 VoIP SIP LCD Display Gigabit Conference Phone (CP-8845-K9=),https://www.ebay.com/itm/Cisco-IP-8845-VoIP-SIP-LCD-Display-Gigabit-Conference-Phone-CP-8845-K9-/263247651824,USA,,New,VoIP Home Phones,161.82,
AUDIOCODES 405HD IP Phone - VoIP phone / UC405HDEG /,https://www.amazon.com/AUDIOCODES-405HD-IP-Phone-UC405HDEG/dp/B072LY79GV,VoIP,Office Products,$98.99,#929 in VoIP Phones,98.99,AudioCodes 405HD IP Phone VoIP UC405HDEG Black NEW IN BOX,https://www.ebay.com/itm/AudioCodes-405HD-IP-Phone-VoIP-UC405HDEG-Black-NEW-BOX-/372816711204,"Orlando,FL,USA",,New,Multiplexers,39.99,
AVAYA 700506783 (005),https://www.amazon.com/Avaya-700506783-005-AVAYA/dp/B017O2979Q,Laptop Replacement Parts,Electronics,$159.97,[],159.97,NEW Avaya 9601 VoIP IP SIP Desktop Phone 700506783,https://www.ebay.com/itm/NEW-Avaya-9601-VoIP-IP-SIP-Desktop-Phone-700506783-/142690390098,"Fairfield,NJ,USA",,New,Corded Telephones,22.99,
ShoreTel IP Phone 230G Black,https://www.amazon.com/ShoreTel-IP-Phone-230G-Black/dp/B00HEOSBYM,VoIP,Office Products,Only 18 left in stock - order soon.,[],184.97,SHORETEL IP 230G LCD Display VOIP PHONE (BLACK) 630-1044-10 New in Box,https://www.ebay.com/itm/SHORETEL-IP-230G-LCD-Display-VOIP-PHONE-BLACK-630-1044-10-New-Box-/392505510258,"Oakland,CA,USA",,New,Business Phone Sets & Handsets,69.97,
Grandstream Small Business IP phone with Single SIP account (GXP1610),https://www.amazon.com/Grandstream-Business-Single-account-GXP1610/dp/B01318HLCC,VoIP,Office Products,$36.94,#485 in VoIP Phones,36.94,NEW Grandstream GXP1610  IP Phone (Non PoE) 1 SIP Account 2 Line-Keys VOIP,https://www.ebay.com/itm/NEW-Grandstream-GXP1610-IP-Phone-Non-PoE-1-SIP-Account-2-Line-Keys-VOIP-/193098713139,"Jacksonville,FL,USA",,New,VoIP Home Phones,42.0,
Grandstream GS-GXP2170 VoIP Phone & Device,https://www.amazon.com/Grandstream-GS-GXP2170-VoIP-Phone-Device/dp/B019X06IFS,VoIP,Office Products,$95.00,[],95.0,GRANDSTREAM GXP2170: 12 Line HD IP Phone - VoIP - FREE SHIPPING - New,https://www.ebay.com/itm/GRANDSTREAM-GXP2170-12-Line-HD-IP-Phone-VoIP-FREE-SHIPPING-New-/133219454148,"Hamden,CT,USA",,New,VoIP Business Phones/IP PBX,89.95,
"Cisco Business Class VOIP Phone CP-8861-K9= IP, Requires Cisco Communications Manager (Power Supply Not Included)",https://www.amazon.com/Cisco-Business-CP-8861-K9-Requires-Communications/dp/B00LGMQRVM,VoIP,Office Products,In Stock.,[],210.99,NEW Cisco CP-8861-K9 VOIP IP Phone (Requires Cisco Communications Manager),https://www.ebay.com/itm/NEW-Cisco-CP-8861-K9-VOIP-IP-Phone-Requires-Cisco-Communications-Manager-/143254549007,"Fairfield,NJ,USA",,New,VoIP Business Phones/IP PBX,217.99,
Polycom SoundStation IP 5000 PoE Only (Power Supply Not Included),https://www.amazon.com/Polycom-SoundStation-Power-Supply-Included/dp/B003QXGWM8,[],Office Products,$231.29,"#1,143 in Telephones",231.29,Polycom SoundStation IP 5000 Conference Phone VoIP PoE (2200-30900-025) - NEW,https://www.ebay.com/itm/Polycom-SoundStation-IP-5000-Conference-Phone-VoIP-PoE-2200-30900-025-NEW-/174084509163,"Renton,WA,USA",,New,Conference Equipment,200.0,
Cisco CP-7811-K9 UC Phone 7811,https://www.amazon.com/Cisco-CP-7811-K9-UC-Phone-7811/dp/B00YHIAFHE,Landline Phones,Office Products,$55.00,[],55.0,NEW Cisco 7811 IP Phone Cable Wall Mountable Charcoal VoIP CP-7811-K9,https://www.ebay.com/itm/NEW-Cisco-7811-IP-Phone-Cable-Wall-Mountable-Charcoal-VoIP-CP-7811-K9-/142463573336,"Fairfield,NJ,USA",,New,VoIP Business Phones/IP PBX,71.99,
Cisco Systems CP-8811-K9= Ip Phone 8811 Series,https://www.amazon.com/Cisco-Systems-CP-8811-K9-Phone-8811/dp/B01MG210E0,VoIP,Office Products,$112.97,[],112.97,Cisco CP-8811-K9 VoIP PHONE,https://www.ebay.com/itm/Cisco-CP-8811-K9-VoIP-PHONE-/183863093390,"Clifton,NJ,USA",,New,VoIP Business Phones/IP PBX,135.0,
POLYCOM 2200-48450-025 - Polycom VVX 411 IP Phone - Cable - Wall Mountable - 12 x Total L,https://www.amazon.com/POLYCOM-2200-48450-025-Polycom-Phone-Mountable/dp/B01LXAHRJL,VoIP,Office Products,$197.99,[],197.99,Polycom VVX 411 - VoIP phone (2200-48450-025),https://www.ebay.com/itm/Polycom-VVX-411-VoIP-phone-2200-48450-025-/264461983376,"Irvine,CA,USA",,New,VoIP Business Phones/IP PBX,130.58,
PK Power AC/DC Adapter for Cisco UC320W-FXO-K9 Wireless Router VoIP Power Supply Cord Cable PS Charger Mains PSU,https://www.amazon.com/PK-Power-Adapter-UC320W-FXO-K9-Wireless/dp/B06XTD5475,AC Adapters,Electronics,$13.89,[],13.89,Cisco UC320W-FXO-K9 VoIP gateway Unified Communications 320W + SPA303 phone,https://www.ebay.com/itm/Cisco-UC320W-FXO-K9-VoIP-gateway-Unified-Communications-320W-SPA303-phone-/174079340394,"Dallas,TX,USA",,New,VoIP Business Phones/IP PBX,223.88,
Polycom VVX 401 2200-48400-025 12-line Business Media Phone - AC Adapter Not Included,https://www.amazon.com/Polycom-2200-48400-025-12-line-Business-Media/dp/B01EECUG4Y,VoIP,Office Products,In Stock.,[],105.0,Polycom VVX 401 VoIP phone (2200-48400-025),https://www.ebay.com/itm/Polycom-VVX-401-VoIP-phone-2200-48400-025-/264461784836,"Irvine,CA,USA",,New,VoIP Business Phones/IP PBX,110.3,
"Yealink SIP-T46S IP Phone, 16 Lines. 4.3-Inch Color Display. Dual-Port Gigabit Ethernet, 802.3af PoE, Power Adapter Not Included",https://www.amazon.com/Yealink-SIP-T46S-Phone-Supply-Included/dp/B01MYPIQMC,VoIP,Office Products,$150.25,[],150.25,Yealink VoIP Phone (SIP-T46S),https://www.ebay.com/itm/Yealink-VoIP-Phone-SIP-T46S-/254291338016,"Irvine,CA,USA",,New,VoIP Business Phones/IP PBX,151.37,
Snom 821 IP Phone,https://www.amazon.com/SNOM-Technology-2346-Snom-Phone/dp/B003V3213W,VoIP,Office Products,$79.73,[],79.73,New SNOM 821 IP VoIP 12-Line TFT Color Display Gigabit Office Business Phone NOB,https://www.ebay.com/itm/New-SNOM-821-IP-VoIP-12-Line-TFT-Color-Display-Gigabit-Office-Business-Phone-NOB-/192940539921,"Mesa,AZ,USA",,New,Business Phone Sets & Handsets,66.49,
"Cisco DX650 Desktop Collaboration Experience (VoIP Phone, Video Conferencing, Instant Messaging, Touchscreen, CP-DX650-K9)",https://www.amazon.com/Cisco-Collaboration-Conferencing-Touchscreen-CP-DX650-K9/dp/B00DUFC5OQ,VoIP,Office Products,$285.19,[],285.19,Cisco CP-DX650-K9= Desktop Collaboration Experience Voip Video Touchscreen Phone,https://www.ebay.com/itm/Cisco-CP-DX650-K9-Desktop-Collaboration-Experience-Voip-Video-Touchscreen-Phone-/283664832796,"Tempe,AZ,USA",,New,VoIP Business Phones/IP PBX,149.99,
Yealink SIP-T46G Ultra-Elegant Gigabit IP Phone,https://www.amazon.com/Yealink-SIP-T46G-Ultra-Elegant-Gigabit-Phone/dp/B00D0SXK1K,VoIP,Office Products,In Stock.,[],152.63,Gigabit VoIP IP Phone Yealink SIP-T46G,https://www.ebay.com/itm/Gigabit-VoIP-IP-Phone-Yealink-SIP-T46G-/362798822925,"Savannah,GA,USA",,New,VoIP Business Phones/IP PBX,39.99,
Cisco 8811 8841 8851 8861 8865 8941 8945 8961 Phone Headset - Call Center Noise Cancelling Mic Economic Monaural Headset + Headset Adapter,https://www.amazon.com/Cisco-8811-8841-Phone-Headset/dp/B019EXZEXG,Headsets,Electronics,$50.00,[],50.0,"NEW Cisco VoIP Phone CP-8811, 8841, 8845, 8851, 8861, & 8865 Back Stand",https://www.ebay.com/itm/NEW-Cisco-VoIP-Phone-CP-8811-8841-8845-8851-8861-8865-Back-Stand-/183856826141,"Elk Grove,CA,USA",,New,VoIP Business Phones/IP PBX,17.5,
Polycom VVX 411 12-Line IP Phone Gigabit PoE (Power Supply Not Included),https://www.amazon.com/VVX-411-12-Line-Phone-Gigabit/dp/B01C6WRXUO,VoIP,Office Products,In Stock.,[],114.99,NEW Polycom VVX 411 IP Phone Gigabit PoE VOIP 2200-48450-025,https://www.ebay.com/itm/NEW-Polycom-VVX-411-IP-Phone-Gigabit-PoE-VOIP-2200-48450-025-/182295782424,"Fairfield,NJ,USA",,New,VoIP Business Phones/IP PBX,116.95,
"Yealink SIP-T46S IP Phone, 16 Lines. 4.3-Inch Color Display. Dual-Port Gigabit Ethernet, 802.3af PoE, Power Adapter Not Included",https://www.amazon.com/Yealink-SIP-T46S-Phone-Supply-Included/dp/B01MYPIQMC,VoIP,Office Products,$150.25,[],150.25,Yealink SIP-T46S Gigabit VoIP IP Phone PoE (Power Supply not Included) - NEW,https://www.ebay.com/itm/Yealink-SIP-T46S-Gigabit-VoIP-IP-Phone-PoE-Power-Supply-not-Included-NEW-/280928501430,"Troy,MI,USA",,New,VoIP Business Phones/IP PBX,149.99,
Polycom VVX 401 2200-48400-025 12-line Business Media Phone - AC Adapter Not Included,https://www.amazon.com/Polycom-2200-48400-025-12-line-Business-Media/dp/B01EECUG4Y,VoIP,Office Products,In Stock.,[],105.0,NEW Polycom VVX 401 VoIP IP SIP Business Media Phone 2200-48400-025,https://www.ebay.com/itm/NEW-Polycom-VVX-401-VoIP-IP-SIP-Business-Media-Phone-2200-48400-025-/202568008694,"Fairfield,NJ,USA",,New,VoIP Business Phones/IP PBX,103.99,
Cisco CP-8811-K9 IP Phone Without Power Supply,https://www.amazon.com/Cisco-CP-8811-K9-Phone-Without-Supply/dp/B00NRFXM00,VoIP,Office Products,In Stock.,[],108.44,CP-8811-K9 Cisco VoIP Phone - Brand New,https://www.ebay.com/itm/CP-8811-K9-Cisco-VoIP-Phone-Brand-New-/382781713661,"Carrollton,TX,USA",,New,VoIP Business Phones/IP PBX,115.0,
"Cisco Unified IP Phone, Charcoal (CP-8961-C-K9=)",https://www.amazon.com/Cisco-Unified-Phone-Charcoal-CP-8961-C-K9/dp/B0035G87MY,VoIP,Office Products,$95.00,[],95.0,Cisco CP-8961-C-K9 VOIP Phone with PoE,https://www.ebay.com/itm/Cisco-CP-8961-C-K9-VOIP-Phone-PoE-/153687020347,"Wendell,NC,USA",,New,VoIP Business Phones/IP PBX,34.99,
Mitel 5304 IP Basic Backlit Display Phone (51011571) (Renewed),https://www.amazon.com/Mitel-Backlit-51011571-REFURBISHED-WARRANTY/dp/B01LZNGZFM,VoIP,Office Products,$93.70,"#1,051 in VoIP Phones",93.7,Mitel MiVoice 5304 IP VoIP Phone NEW 12 Available 2-Line Dual-Port Low Energy,https://www.ebay.com/itm/Mitel-MiVoice-5304-IP-VoIP-Phone-NEW-12-Available-2-Line-Dual-Port-Low-Energy-/184011451968,"Lexington,NC,USA",,New,VoIP Business Phones/IP PBX,59.99,
Polycom VVX 401 2200-48400-025 12-line Business Media Phone - AC Adapter Not Included,https://www.amazon.com/Polycom-2200-48400-025-12-line-Business-Media/dp/B01EECUG4Y,VoIP,Office Products,In Stock.,[],105.0,NEW Polycom VVX 401 VoIP IP SIP Business Media Phone 2200-48400-025,https://www.ebay.com/itm/NEW-Polycom-VVX-401-VoIP-IP-SIP-Business-Media-Phone-2200-48400-025-/113948620843,"Ashland City,TN,USA",,New,VoIP Business Phones/IP PBX,97.5,
"Cisco SPA504G 4-Line IP Phone with 2-Port Switch, PoE and LCD Display, Silver, Grey (Power Supply not Included)",https://www.amazon.com/Cisco-SPA504G-4-Line-Display-Included/dp/B002HXW984,VoIP,Office Products,In Stock.,#14 in VoIP Phones,68.99,Cisco SPA504G 4-Line VoIP IP Phone PoE (Power Supply not Included) - NEW,https://www.ebay.com/itm/Cisco-SPA504G-4-Line-VoIP-IP-Phone-PoE-Power-Supply-not-Included-NEW-/231448007269,"Troy,MI,USA",,New,VoIP Business Phones/IP PBX,67.99,
"SPA508G - CISCO SPA508G SPA508G CISCO VOIP PHONE, 8 LINES",https://www.amazon.com/SPA508G-CISCO-VOIP-PHONE-LINES/dp/B016YJVNSI,VoIP,Office Products,$128.95,[],128.95,NEW Cisco IP Phone SPA508G 8 Line VoIP Phone 2-Port Switch PoE LCD Display,https://www.ebay.com/itm/NEW-Cisco-IP-Phone-SPA508G-8-Line-VoIP-Phone-2-Port-Switch-PoE-LCD-Display-/183558459174,"Fairfield,NJ,USA",,New,VoIP Business Phones/IP PBX,73.95,
Polycom PSA15A-480P 48V 0.31A Power Supply 1465-43637-001,https://www.amazon.com/Polycom-PSA15A-480P-0-31A-Supply-1465-43637-001/dp/B076C1LCKT,VoIP,Office Products,In Stock.,[],14.45,NEW LOT of 8x Polycom VOIP Phone 48V AC Power Adapter Supply Cord PSA15A-480P,https://www.ebay.com/itm/NEW-LOT-8x-Polycom-VOIP-Phone-48V-AC-Power-Adapter-Supply-Cord-PSA15A-480P-/323942218033,"San Rafael,CA,USA",,New,VoIP Business Phones/IP PBX,59.95,
"Cisco CP-7925G-EX-K9= IP Phone -Yellow (2"" Display, Water Resistant, 802.11a/b/g, Speakerphone, HD Voice)",https://www.amazon.com/Cisco-CP-7925G-EX-K9-Yellow-Resistant-Speakerphone/dp/B004D8BLDU,[],[],In Stock.,[],362.59,Cisco  CP-7925G-EX-K9 - Wireless VoIP Phone NEW SEALED,https://www.ebay.com/itm/Cisco-CP-7925G-EX-K9-Wireless-VoIP-Phone-NEW-SEALED-/223720978341,"Elgin,IL,USA",,New,VoIP Business Phones/IP PBX,275.0,
Grandstream GS-GXP2170 VoIP Phone & Device,https://www.amazon.com/Grandstream-GS-GXP2170-VoIP-Phone-Device/dp/B019X06IFS,VoIP,Office Products,$95.00,[],95.0,GRANDSTREAM GXP2170: 12 Line HD IP Phone - VoIP - FREE SHIPPING - New,https://www.ebay.com/itm/GRANDSTREAM-GXP2170-12-Line-HD-IP-Phone-VoIP-FREE-SHIPPING-New-/192714876382,"Philadelphia,PA,USA",,New,VoIP Business Phones/IP PBX,91.99,
Polycom VVX 501 Corded Business Media Phone System - 12 Line PoE - 2200-48500-025 - AC Adapter (Not Included) - Replaces VVX 500,https://www.amazon.com/Polycom-Corded-Business-Media-System/dp/B01CO6GRPO,VoIP,Office Products,In Stock.,[],176.93,New Polycom VVX 501 VoIP IP SIP Business Phone 2200-48500-025 FREE Same Day SHIP,https://www.ebay.com/itm/New-Polycom-VVX-501-VoIP-IP-SIP-Business-Phone-2200-48500-025-FREE-Same-Day-SHIP-/283660127625,"Atlanta,GA,USA",,New,VoIP Business Phones/IP PBX,135.0,
"Cisco CP-8851-K9= 8851 IP Phone 5""",https://www.amazon.com/Cisco-CP-8851-K9-8851-IP-Phone/dp/B00LGMQQAO,VoIP,Office Products,In Stock.,[],157.0,NEW Cisco IP VoIP 8851 LCD Color Display Conference Phone P/N: CP-8851-K9=,https://www.ebay.com/itm/NEW-Cisco-IP-VoIP-8851-LCD-Color-Display-Conference-Phone-P-N-CP-8851-K9-/202636186369,"Fairfield,NJ,USA",,New,VoIP Business Phones/IP PBX,172.99,
Cisco 8841 VoIP Phone (Power Supply Not Included),https://www.amazon.com/Cisco-CP-8841-K9-8841-VoIP-Phone/dp/B00L8JVXXK,VoIP,Office Products,"In stock on November 9, 2019.",[],137.0,Cisco CP-8841-K9= VoIP Phone,https://www.ebay.com/itm/Cisco-CP-8841-K9-VoIP-Phone-/312748895167,"Torrance,CA,USA",,New,VoIP Business Phones/IP PBX,135.0,
Polycom VVX 401 2200-48400-025 12-line Business Media Phone - AC Adapter Not Included,https://www.amazon.com/Polycom-2200-48400-025-12-line-Business-Media/dp/B01EECUG4Y,VoIP,Office Products,In Stock.,[],105.0,Polycom VVX 401 VoIP IP SIP Business Media Phone (2200-48400-025) - NEW,https://www.ebay.com/itm/Polycom-VVX-401-VoIP-IP-SIP-Business-Media-Phone-2200-48400-025-NEW-/231987138368,"Troy,MI,USA",,New,VoIP Business Phones/IP PBX,110.99,
- Avaya IP 500 IX J129 700513638 IP VOIP POE Entry Level Display Telephone,https://www.amazon.com/Avaya-700513638-Entry-Display-Telephone/dp/B07WLCW1Z8,VoIP,Office Products,$59.46,[],59.46,Avaya J129 700513638 VoIP SIP Phone Fast Shipping,https://www.ebay.com/itm/Avaya-J129-700513638-VoIP-SIP-Phone-Fast-Shipping-/223734274701,"Irwin,PA,USA",,New,Business Phone Sets & Handsets,35.0,
Grandstream GS-GXP2170 VoIP Phone & Device,https://www.amazon.com/Grandstream-GS-GXP2170-VoIP-Phone-Device/dp/B019X06IFS,VoIP,Office Products,$95.00,[],95.0,GRANDSTREAM GXP2170: 12 Line HD IP Phone - VoIP - FREE SHIPPING - New,https://www.ebay.com/itm/GRANDSTREAM-GXP2170-12-Line-HD-IP-Phone-VoIP-FREE-SHIPPING-New-/113893689689,"Fountain Valley,CA,USA",,New,VoIP Business Phones/IP PBX,91.99,
"Cisco CP-7945G++= 7945G Two Line Color Display IP Phone, CP-7945G",https://www.amazon.com/Cisco-7945G-Color-Display-CP-7945G/dp/B000XUTRFQ,VoIP,Office Products,Only 16 left in stock - order soon.,[],71.77,Cisco 7945G IP VoIP Gigabit GIGE Telephone Phone - CP-7945G=,https://www.ebay.com/itm/Cisco-7945G-IP-VoIP-Gigabit-GIGE-Telephone-Phone-CP-7945G-/323961761346,"Carteret,NJ,USA",,New,VoIP Business Phones/IP PBX,45.0,
"Yealink T29G IP Phone, 16 Lines. 4.3-Inch Color Display. USB 2.0, Dual-Port Gigabit Ethernet, 802.3af PoE, Power Adapter Not Included (SIP-T29G)",https://www.amazon.com/Yealink-4-3-Inch-Display-Dual-Port-SIP-T29G/dp/B00S05ZLZ6,VoIP,Office Products,In Stock.,[],125.47,Yealink SIP-T29G Gigabit VoIP IP Phone - NEW,https://www.ebay.com/itm/Yealink-SIP-T29G-Gigabit-VoIP-IP-Phone-NEW-/351749789757,"Troy,MI,USA",,New,VoIP Business Phones/IP PBX,129.99,
NetTalk 857392003016 Duo II VOIP Phone and Device,https://www.amazon.com/netTalk-857392003016-VoIP-Phone-Device/dp/B007P8I3L8,[],Office Products,$6.28,[],6.28,netTalk 857392003016 Duo II VoIP Phone and Device BRAND NEW,https://www.ebay.com/itm/netTalk-857392003016-Duo-II-VoIP-Phone-and-Device-BRAND-NEW-/153513821011,"Long Island City,NY,USA",,New,VoIP Home Phones,19.99,
Cisco 7832 IP Conference Station - Cable - Smoke,https://www.amazon.com/Cisco-7832-IP-Conference-Station/dp/B074CYJ8PP,VoIP,Office Products,In Stock.,#399 in VoIP Phones,274.89,new in box Cisco 7832 CP-7832-K9= IP VOIP PoE Conference Phone,https://www.ebay.com/itm/new-box-Cisco-7832-CP-7832-K9-IP-VOIP-PoE-Conference-Phone-/174060942372,"Dallas,TX,USA",,New,VoIP Business Phones/IP PBX,268.88,
Mitel MiVoice 6930 IP Phone (50006769),https://www.amazon.com/Mitel-MiVoice-6930-Phone-50006769/dp/B0779HGGB4,VoIP,Office Products,$149.00,#155 in VoIP Phones,149.0,Mitel MiVoice 6930 VoIP phone Bluetooth Interface P/N: 50006769,https://www.ebay.com/itm/Mitel-MiVoice-6930-VoIP-phone-Bluetooth-Interface-P-N-50006769-/283513731544,"Irvine,CA,USA",,New,Business Phone Sets & Handsets,181.09,
